{
	"test_movie_genre": [
		{
			"genre": "판타지",
			"movie_id": 1
		},
		{
			"genre": "판타지",
			"movie_id": 2
		},
		{
			"genre": "판타지",
			"movie_id": 3
		},
		{
			"genre": "판타지",
			"movie_id": 4
		},
		{
			"genre": "판타지",
			"movie_id": 5
		},
		{
			"genre": "판타지",
			"movie_id": 6
		},
		{
			"genre": "판타지",
			"movie_id": 7
		},
		{
			"genre": "판타지",
			"movie_id": 8
		},
		{
			"genre": "장르 2",
			"movie_id": 1
		},
		{
			"genre": "장르 3",
			"movie_id": 1
		},
		{
			"genre": "장르 555",
			"movie_id": 5
		}
	]
}