,title,plot
0, 여호,    헤이젤은 모든 살아있는 생물을 사랑하는 순진한 시골소녀이다. 특히 애완동물 여우를 좋아한다. 그러나 여우를 사냥하는 시골의 대지주인 잭은 그녀를 갈망한다. 그녀가 지방의 목사와 결혼한 후에도 그의 끊임없는 애정구애는 멈추질 않는다.  
1, 언더독,    하루 아침에 운명이 바뀐 강아지 뭉치 가 각기 다른 개성으로 똘똘 뭉친 친구들과 함께 진정한 자유를 찾아 떠나며 펼쳐지는 모험을 그린 견생역전 프로젝트.    Abandoned dog Moong chi runs into a dog called Jjang ah and his pack which hide in a derelict re development area. Moong chi wants to believe his owner s last words to him Wait for me but finally accepts the reality of being abandoned and gets used to living with Jjang ah and his pack. One day he comes across another lead dog called Bam i and his pack which live wild in the woods. Jjang ah s pack are used to the convenience of the city but Bam i and his lot try to stay wild; both are dogs with different lifestyles and they go on adventures to The Place where every dog can live happily away from the demolition and brutal dog hunters. Crossing busy roads jumping barbed wire fences and hiding from the tenacious dog hunters they slowly head north. Will they arrive in The Place which is full of beautiful fields and fireflies without any danger  
2, 신·방세옥,    소림사 사부는 방세옥에게 명령한다. 중국천하를 손에 쥐려면 먼저 소림사에 입문하여 이지 전공을 연마하라고..  
3, 진실한 병한씨,    
4, 독신자 폴리의 사랑,    여섯명의 여자고아를 부양하는 독신자 폴리 그의 플레이 보이 기질은 어쩔수가 없는 모양이니...  
5, 소림사 4탄 소림만추,    명.청왕조가 바뀌어질 무렵 명의재건을 위해 애국지사들이 소림사에 모였다. 그러나 청의 페이 장군은 소림사를 부수기 위해 장기 계획을 세워 어린 동자 유산을 소림사에 입사시키고 석두는 모함과 음모에 희생되어 소림사를 영구히 추방당한 후 소림사는 청의 군사에 의해 붕괴된다. 이 소식을 들은 석두는 소림의 고수를 모아서 소림사를 구출하려고 페이 유산과 숨막히고 긴장감 넘치는 필사의 결투 끝에 많은 희생을 치루고서 소림사를 되찾게 된다.  
6, 용발위,    가보를 지켜야하는 사나이의 피나는 무술훈련. 보물 칠성갑옷의 위력을 보라. 가공할 무기의 출현. 속수무책의 죽음.  
7, 3인의 여걸,    
8, 잠시,    
9, 데이트립,  
10,,
11,,
